[
  {
    "id": "pbc_3142635823",
    "listRule": null,
    "viewRule": null,
    "createRule": null,
    "updateRule": null,
    "deleteRule": null,
    "name": "_superusers",
    "type": "auth",
    "fields": [
      {
        "autogeneratePattern": "[a-z0-9]{15}",
        "hidden": false,
        "id": "text3208210256",
        "max": 15,
        "min": 15,
        "name": "id",
        "pattern": "^[a-z0-9]+$",
        "presentable": false,
        "primaryKey": true,
        "required": true,
        "system": true,
        "type": "text"
      },
      {
        "cost": 0,
        "hidden": true,
        "id": "password901924565",
        "max": 0,
        "min": 8,
        "name": "password",
        "pattern": "",
        "presentable": false,
        "required": true,
        "system": true,
        "type": "password"
      },
      {
        "autogeneratePattern": "[a-zA-Z0-9]{50}",
        "hidden": true,
        "id": "text2504183744",
        "max": 60,
        "min": 30,
        "name": "tokenKey",
        "pattern": "",
        "presentable": false,
        "primaryKey": false,
        "required": true,
        "system": true,
        "type": "text"
      },
      {
        "exceptDomains": null,
        "hidden": false,
        "id": "email3885137012",
        "name": "email",
        "onlyDomains": null,
        "presentable": false,
        "required": true,
        "system": true,
        "type": "email"
      },
      {
        "hidden": false,
        "id": "bool1547992806",
        "name": "emailVisibility",
        "presentable": false,
        "required": false,
        "system": true,
        "type": "bool"
      },
      {
        "hidden": false,
        "id": "bool256245529",
        "name": "verified",
        "presentable": false,
        "required": false,
        "system": true,
        "type": "bool"
      },
      {
        "hidden": false,
        "id": "autodate2990389176",
        "name": "created",
        "onCreate": true,
        "onUpdate": false,
        "presentable": false,
        "system": true,
        "type": "autodate"
      },
      {
        "hidden": false,
        "id": "autodate3332085495",
        "name": "updated",
        "onCreate": true,
        "onUpdate": true,
        "presentable": false,
        "system": true,
        "type": "autodate"
      }
    ],
    "indexes": [
      "CREATE UNIQUE INDEX `idx_tokenKey_pbc_3142635823` ON `_superusers` (`tokenKey`)",
      "CREATE UNIQUE INDEX `idx_email_pbc_3142635823` ON `_superusers` (`email`) WHERE `email` != ''"
    ],
    "system": true,
    "authRule": "",
    "manageRule": null,
    "authAlert": {
      "enabled": true,
      "emailTemplate": {
        "subject": "Login from a new location",
        "body": "<p>Hello,</p>\n<p>We noticed a login to your {APP_NAME} account from a new location.</p>\n<p>If this was you, you may disregard this email.</p>\n<p><strong>If this wasn't you, you should immediately change your {APP_NAME} account password to revoke access from all other locations.</strong></p>\n<p>\n  Thanks,<br/>\n  {APP_NAME} team\n</p>"
      }
    },
    "oauth2": {
      "mappedFields": {
        "id": "",
        "name": "",
        "username": "",
        "avatarURL": ""
      },
      "enabled": false
    },
    "passwordAuth": {
      "enabled": true,
      "identityFields": [
        "email"
      ]
    },
    "mfa": {
      "enabled": false,
      "duration": 1800,
      "rule": ""
    },
    "otp": {
      "enabled": false,
      "duration": 180,
      "length": 8,
      "emailTemplate": {
        "subject": "OTP for {APP_NAME}",
        "body": "<p>Hello,</p>\n<p>Your one-time password is: <strong>{OTP}</strong></p>\n<p><i>If you didn't ask for the one-time password, you can ignore this email.</i></p>\n<p>\n  Thanks,<br/>\n  {APP_NAME} team\n</p>"
      }
    },
    "authToken": {
      "duration": 86400
    },
    "passwordResetToken": {
      "duration": 1800
    },
    "emailChangeToken": {
      "duration": 1800
    },
    "verificationToken": {
      "duration": 259200
    },
    "fileToken": {
      "duration": 180
    },
    "verificationTemplate": {
      "subject": "Verify your {APP_NAME} email",
      "body": "<p>Hello,</p>\n<p>Thank you for joining us at {APP_NAME}.</p>\n<p>Click on the button below to verify your email address.</p>\n<p>\n  <a class=\"btn\" href=\"{APP_URL}/_/#/auth/confirm-verification/{TOKEN}\" target=\"_blank\" rel=\"noopener\">Verify</a>\n</p>\n<p>\n  Thanks,<br/>\n  {APP_NAME} team\n</p>"
    },
    "resetPasswordTemplate": {
      "subject": "Reset your {APP_NAME} password",
      "body": "<p>Hello,</p>\n<p>Click on the button below to reset your password.</p>\n<p>\n  <a class=\"btn\" href=\"{APP_URL}/_/#/auth/confirm-password-reset/{TOKEN}\" target=\"_blank\" rel=\"noopener\">Reset password</a>\n</p>\n<p><i>If you didn't ask to reset your password, you can ignore this email.</i></p>\n<p>\n  Thanks,<br/>\n  {APP_NAME} team\n</p>"
    },
    "confirmEmailChangeTemplate": {
      "subject": "Confirm your {APP_NAME} new email address",
      "body": "<p>Hello,</p>\n<p>Click on the button below to confirm your new email address.</p>\n<p>\n  <a class=\"btn\" href=\"{APP_URL}/_/#/auth/confirm-email-change/{TOKEN}\" target=\"_blank\" rel=\"noopener\">Confirm new email</a>\n</p>\n<p><i>If you didn't ask to change your email address, you can ignore this email.</i></p>\n<p>\n  Thanks,<br/>\n  {APP_NAME} team\n</p>"
    }
  },
  {
    "id": "pbc_3865025440",
    "listRule": "@request.auth.id != \"\"",
    "viewRule": "@request.auth.id != \"\"",
    "createRule": "@request.auth.id != \"\" && @request.auth.role = \"admin\"",
    "updateRule": "@request.auth.id != \"\" && @request.auth.role = \"admin\"",
    "deleteRule": "@request.auth.id != \"\" && @request.auth.role = \"admin\"",
    "name": "departments",
    "type": "base",
    "fields": [
      {
        "autogeneratePattern": "[a-z0-9]{15}",
        "hidden": false,
        "id": "text3208210256",
        "max": 15,
        "min": 15,
        "name": "id",
        "pattern": "^[a-z0-9]+$",
        "presentable": false,
        "primaryKey": true,
        "required": true,
        "system": true,
        "type": "text"
      },
      {
        "autogeneratePattern": "",
        "hidden": false,
        "id": "text1579384326",
        "max": 0,
        "min": 0,
        "name": "name",
        "pattern": "",
        "presentable": false,
        "primaryKey": false,
        "required": true,
        "system": false,
        "type": "text"
      },
      {
        "autogeneratePattern": "",
        "hidden": false,
        "id": "text1843675174",
        "max": 0,
        "min": 0,
        "name": "description",
        "pattern": "",
        "presentable": false,
        "primaryKey": false,
        "required": false,
        "system": false,
        "type": "text"
      },
      {
        "autogeneratePattern": "",
        "hidden": false,
        "id": "text1115867227",
        "max": 0,
        "min": 0,
        "name": "hospital",
        "pattern": "",
        "presentable": false,
        "primaryKey": false,
        "required": false,
        "system": false,
        "type": "text"
      },
      {
        "hidden": false,
        "id": "autodate2990389176",
        "name": "created",
        "onCreate": true,
        "onUpdate": false,
        "presentable": false,
        "system": false,
        "type": "autodate"
      },
      {
        "hidden": false,
        "id": "autodate3332085495",
        "name": "updated",
        "onCreate": true,
        "onUpdate": true,
        "presentable": false,
        "system": false,
        "type": "autodate"
      }
    ],
    "indexes": [],
    "system": false
  },
  {
    "id": "pbc_1772500979",
    "listRule": "@request.auth.id != \"\"",
    "viewRule": "@request.auth.id != \"\"",
    "createRule": "@request.auth.id != \"\" && @request.auth.role = \"admin\"",
    "updateRule": "@request.auth.id != \"\" && @request.auth.role = \"admin\"",
    "deleteRule": "@request.auth.id != \"\" && @request.auth.role = \"admin\"",
    "name": "operatingRooms",
    "type": "base",
    "fields": [
      {
        "autogeneratePattern": "[a-z0-9]{15}",
        "hidden": false,
        "id": "text3208210256",
        "max": 15,
        "min": 15,
        "name": "id",
        "pattern": "^[a-z0-9]+$",
        "presentable": false,
        "primaryKey": true,
        "required": true,
        "system": true,
        "type": "text"
      },
      {
        "autogeneratePattern": "",
        "hidden": false,
        "id": "text1579384326",
        "max": 0,
        "min": 0,
        "name": "name",
        "pattern": "",
        "presentable": false,
        "primaryKey": false,
        "required": true,
        "system": false,
        "type": "text"
      },
      {
        "autogeneratePattern": "",
        "hidden": false,
        "id": "text1843675174",
        "max": 0,
        "min": 0,
        "name": "description",
        "pattern": "",
        "presentable": false,
        "primaryKey": false,
        "required": false,
        "system": false,
        "type": "text"
      },
      {
        "hidden": false,
        "id": "bool2231267043",
        "name": "disabled",
        "presentable": false,
        "required": false,
        "system": false,
        "type": "bool"
      },
      {
        "hidden": false,
        "id": "autodate2990389176",
        "name": "created",
        "onCreate": true,
        "onUpdate": false,
        "presentable": false,
        "system": false,
        "type": "autodate"
      },
      {
        "hidden": false,
        "id": "autodate3332085495",
        "name": "updated",
        "onCreate": true,
        "onUpdate": true,
        "presentable": false,
        "system": false,
        "type": "autodate"
      }
    ],
    "indexes": [],
    "system": false
  },
  {
    "id": "pbc_431205161",
    "listRule": "@request.auth.id != \"\"",
    "viewRule": "@request.auth.id != \"\"",
    "createRule": "@request.auth.id != \"\" && (\n  @request.auth.role = \"doctor\" ||\n  @request.auth.role = \"admin\"\n)\n",
    "updateRule": "@request.auth.id != \"\" && (\n  @request.auth.role = \"doctor\" ||\n  @request.auth.role = \"admin\"\n)\n",
    "deleteRule": "@request.auth.id != \"\" && @request.auth.role = \"admin\"",
    "name": "otDays",
    "type": "base",
    "fields": [
      {
        "autogeneratePattern": "[a-z0-9]{15}",
        "hidden": false,
        "id": "text3208210256",
        "max": 15,
        "min": 15,
        "name": "id",
        "pattern": "^[a-z0-9]+$",
        "presentable": false,
        "primaryKey": true,
        "required": true,
        "system": true,
        "type": "text"
      },
      {
        "hidden": false,
        "id": "date2862495610",
        "max": "",
        "min": "",
        "name": "date",
        "presentable": false,
        "required": true,
        "system": false,
        "type": "date"
      },
      {
        "cascadeDelete": false,
        "collectionId": "pbc_4005008627",
        "hidden": false,
        "id": "relation2173489689",
        "maxSelect": 1,
        "minSelect": 0,
        "name": "otList",
        "presentable": false,
        "required": true,
        "system": false,
        "type": "relation"
      },
      {
        "hidden": false,
        "id": "bool2231267043",
        "name": "disabled",
        "presentable": false,
        "required": false,
        "system": false,
        "type": "bool"
      },
      {
        "autogeneratePattern": "",
        "hidden": false,
        "id": "text1156222427",
        "max": 0,
        "min": 0,
        "name": "remarks",
        "pattern": "",
        "presentable": false,
        "primaryKey": false,
        "required": false,
        "system": false,
        "type": "text"
      },
      {
        "hidden": false,
        "id": "autodate2990389176",
        "name": "created",
        "onCreate": true,
        "onUpdate": false,
        "presentable": false,
        "system": false,
        "type": "autodate"
      },
      {
        "hidden": false,
        "id": "autodate3332085495",
        "name": "updated",
        "onCreate": true,
        "onUpdate": true,
        "presentable": false,
        "system": false,
        "type": "autodate"
      }
    ],
    "indexes": [
      "CREATE UNIQUE INDEX `idx_xDURcoif6G` ON `otDays` (\n  `date`,\n  `otList`\n)"
    ],
    "system": false
  },
  {
    "id": "pbc_4005008627",
    "listRule": "@request.auth.id != \"\"",
    "viewRule": "@request.auth.id != \"\"",
    "createRule": "@request.auth.id != \"\" && (\n  @request.auth.role = \"doctor\" ||\n  @request.auth.role = \"admin\"\n)",
    "updateRule": "@request.auth.id != \"\" && (\n  @request.auth.role = \"doctor\" ||\n  @request.auth.role = \"admin\"\n)",
    "deleteRule": "@request.auth.id != \"\" && @request.auth.role = \"admin\"",
    "name": "otLists",
    "type": "base",
    "fields": [
      {
        "autogeneratePattern": "[a-z0-9]{15}",
        "hidden": false,
        "id": "text3208210256",
        "max": 15,
        "min": 15,
        "name": "id",
        "pattern": "^[a-z0-9]+$",
        "presentable": false,
        "primaryKey": true,
        "required": true,
        "system": true,
        "type": "text"
      },
      {
        "autogeneratePattern": "",
        "hidden": false,
        "id": "text1579384326",
        "max": 0,
        "min": 0,
        "name": "name",
        "pattern": "",
        "presentable": false,
        "primaryKey": false,
        "required": true,
        "system": false,
        "type": "text"
      },
      {
        "autogeneratePattern": "",
        "hidden": false,
        "id": "text1843675174",
        "max": 0,
        "min": 0,
        "name": "description",
        "pattern": "",
        "presentable": false,
        "primaryKey": false,
        "required": false,
        "system": false,
        "type": "text"
      },
      {
        "cascadeDelete": false,
        "collectionId": "pbc_3865025440",
        "hidden": false,
        "id": "relation3441287562",
        "maxSelect": 1,
        "minSelect": 0,
        "name": "department",
        "presentable": false,
        "required": true,
        "system": false,
        "type": "relation"
      },
      {
        "cascadeDelete": false,
        "collectionId": "pbc_1772500979",
        "hidden": false,
        "id": "relation1313686116",
        "maxSelect": 999,
        "minSelect": 0,
        "name": "operatingRooms",
        "presentable": false,
        "required": true,
        "system": false,
        "type": "relation"
      },
      {
        "hidden": false,
        "id": "select4210582990",
        "maxSelect": 1,
        "name": "colour",
        "presentable": false,
        "required": true,
        "system": false,
        "type": "select",
        "values": [
          "red",
          "orange",
          "yellow",
          "green",
          "teal",
          "blue",
          "purple"
        ]
      },
      {
        "hidden": false,
        "id": "autodate2990389176",
        "name": "created",
        "onCreate": true,
        "onUpdate": false,
        "presentable": false,
        "system": false,
        "type": "autodate"
      },
      {
        "hidden": false,
        "id": "autodate3332085495",
        "name": "updated",
        "onCreate": true,
        "onUpdate": true,
        "presentable": false,
        "system": false,
        "type": "autodate"
      }
    ],
    "indexes": [],
    "system": false
  },
  {
    "id": "pbc_1820489269",
    "listRule": "@request.auth.id != \"\"",
    "viewRule": "@request.auth.id != \"\"",
    "createRule": "@request.auth.id != \"\" && (\n  @request.auth.role = \"doctor\" ||\n  @request.auth.role = \"admin\"\n)",
    "updateRule": "@request.auth.id != \"\" && (\n  @request.auth.role = \"doctor\" ||\n  @request.auth.role = \"admin\"\n)",
    "deleteRule": "@request.auth.id != \"\" && @request.auth.role = \"admin\"",
    "name": "patients",
    "type": "base",
    "fields": [
      {
        "autogeneratePattern": "[a-z0-9]{15}",
        "hidden": false,
        "id": "text3208210256",
        "max": 15,
        "min": 15,
        "name": "id",
        "pattern": "^[a-z0-9]+$",
        "presentable": false,
        "primaryKey": true,
        "required": true,
        "system": true,
        "type": "text"
      },
      {
        "autogeneratePattern": "",
        "hidden": false,
        "id": "text1139296919",
        "max": 0,
        "min": 0,
        "name": "nid",
        "pattern": "",
        "presentable": false,
        "primaryKey": false,
        "required": false,
        "system": false,
        "type": "text"
      },
      {
        "autogeneratePattern": "",
        "hidden": false,
        "id": "text3863859053",
        "max": 0,
        "min": 0,
        "name": "hospitalId",
        "pattern": "",
        "presentable": false,
        "primaryKey": false,
        "required": false,
        "system": false,
        "type": "text"
      },
      {
        "autogeneratePattern": "",
        "hidden": false,
        "id": "text1579384326",
        "max": 0,
        "min": 0,
        "name": "name",
        "pattern": "",
        "presentable": false,
        "primaryKey": false,
        "required": true,
        "system": false,
        "type": "text"
      },
      {
        "hidden": false,
        "id": "date3612849359",
        "max": "",
        "min": "",
        "name": "dateOfBirth",
        "presentable": false,
        "required": false,
        "system": false,
        "type": "date"
      },
      {
        "hidden": false,
        "id": "select4020398583",
        "maxSelect": 1,
        "name": "sex",
        "presentable": false,
        "required": false,
        "system": false,
        "type": "select",
        "values": [
          "male",
          "female"
        ]
      },
      {
        "autogeneratePattern": "",
        "hidden": false,
        "id": "text1146066909",
        "max": 0,
        "min": 0,
        "name": "phone",
        "pattern": "",
        "presentable": false,
        "primaryKey": false,
        "required": false,
        "system": false,
        "type": "text"
      },
      {
        "autogeneratePattern": "",
        "hidden": false,
        "id": "text223244161",
        "max": 0,
        "min": 0,
        "name": "address",
        "pattern": "",
        "presentable": false,
        "primaryKey": false,
        "required": false,
        "system": false,
        "type": "text"
      },
      {
        "hidden": false,
        "id": "autodate2990389176",
        "name": "created",
        "onCreate": true,
        "onUpdate": false,
        "presentable": false,
        "system": false,
        "type": "autodate"
      },
      {
        "hidden": false,
        "id": "autodate3332085495",
        "name": "updated",
        "onCreate": true,
        "onUpdate": true,
        "presentable": false,
        "system": false,
        "type": "autodate"
      }
    ],
    "indexes": [],
    "system": false
  },
  {
    "id": "pbc_505735161",
    "listRule": "@request.auth.id != \"\"",
    "viewRule": "@request.auth.id != \"\"",
    "createRule": "@request.auth.id != \"\"",
    "updateRule": "@request.auth.id = creator &&\n(\n  @request.body.content:isset = false &&\n  @request.body.creator:isset = false\n)\n",
    "deleteRule": null,
    "name": "procedureComments",
    "type": "base",
    "fields": [
      {
        "autogeneratePattern": "[a-z0-9]{15}",
        "hidden": false,
        "id": "text3208210256",
        "max": 15,
        "min": 15,
        "name": "id",
        "pattern": "^[a-z0-9]+$",
        "presentable": false,
        "primaryKey": true,
        "required": true,
        "system": true,
        "type": "text"
      },
      {
        "cascadeDelete": false,
        "collectionId": "_pb_users_auth_",
        "hidden": false,
        "id": "relation3154569827",
        "maxSelect": 1,
        "minSelect": 0,
        "name": "creator",
        "presentable": false,
        "required": false,
        "system": false,
        "type": "relation"
      },
      {
        "autogeneratePattern": "",
        "hidden": false,
        "id": "text4274335913",
        "max": 0,
        "min": 0,
        "name": "content",
        "pattern": "",
        "presentable": false,
        "primaryKey": false,
        "required": false,
        "system": false,
        "type": "text"
      },
      {
        "hidden": false,
        "id": "bool3194813053",
        "name": "removed",
        "presentable": false,
        "required": false,
        "system": false,
        "type": "bool"
      },
      {
        "cascadeDelete": false,
        "collectionId": "pbc_1747635922",
        "hidden": false,
        "id": "relation2621226015",
        "maxSelect": 1,
        "minSelect": 0,
        "name": "procedure",
        "presentable": false,
        "required": false,
        "system": false,
        "type": "relation"
      },
      {
        "hidden": false,
        "id": "autodate2990389176",
        "name": "created",
        "onCreate": true,
        "onUpdate": false,
        "presentable": false,
        "system": false,
        "type": "autodate"
      },
      {
        "hidden": false,
        "id": "autodate3332085495",
        "name": "updated",
        "onCreate": true,
        "onUpdate": true,
        "presentable": false,
        "system": false,
        "type": "autodate"
      }
    ],
    "indexes": [],
    "system": false
  },
  {
    "id": "pbc_1747635922",
    "listRule": "@request.auth.id != \"\"",
    "viewRule": "@request.auth.id != \"\"",
    "createRule": "@request.auth.id != \"\" && (\n  @request.auth.role = \"doctor\" ||\n  @request.auth.role = \"admin\"\n)",
    "updateRule": "@request.auth.id != \"\" && (\n  @request.auth.role = \"doctor\" ||\n  @request.auth.role = \"admin\"\n)",
    "deleteRule": "@request.auth.id != \"\" && @request.auth.role = \"admin\"",
    "name": "procedures",
    "type": "base",
    "fields": [
      {
        "autogeneratePattern": "[a-z0-9]{15}",
        "hidden": false,
        "id": "text3208210256",
        "max": 15,
        "min": 15,
        "name": "id",
        "pattern": "^[a-z0-9]+$",
        "presentable": false,
        "primaryKey": true,
        "required": true,
        "system": true,
        "type": "text"
      },
      {
        "cascadeDelete": false,
        "collectionId": "pbc_1820489269",
        "hidden": false,
        "id": "relation450549739",
        "maxSelect": 1,
        "minSelect": 0,
        "name": "patient",
        "presentable": false,
        "required": true,
        "system": false,
        "type": "relation"
      },
      {
        "autogeneratePattern": "",
        "hidden": false,
        "id": "text2127630141",
        "max": 0,
        "min": 0,
        "name": "diagnosis",
        "pattern": "",
        "presentable": false,
        "primaryKey": false,
        "required": true,
        "system": false,
        "type": "text"
      },
      {
        "autogeneratePattern": "",
        "hidden": false,
        "id": "text2621226015",
        "max": 0,
        "min": 0,
        "name": "procedure",
        "pattern": "",
        "presentable": false,
        "primaryKey": false,
        "required": true,
        "system": false,
        "type": "text"
      },
      {
        "autogeneratePattern": "",
        "hidden": false,
        "id": "text71924191",
        "max": 0,
        "min": 0,
        "name": "comorbids",
        "pattern": "",
        "presentable": false,
        "primaryKey": false,
        "required": false,
        "system": false,
        "type": "text"
      },
      {
        "hidden": false,
        "id": "date2569686978",
        "max": "",
        "min": "",
        "name": "addedDate",
        "presentable": false,
        "required": false,
        "system": false,
        "type": "date"
      },
      {
        "cascadeDelete": false,
        "collectionId": "pbc_2837054619",
        "hidden": false,
        "id": "relation3888809020",
        "maxSelect": 1,
        "minSelect": 0,
        "name": "addedBy",
        "presentable": false,
        "required": true,
        "system": false,
        "type": "relation"
      },
      {
        "hidden": false,
        "id": "number4113142680",
        "max": null,
        "min": null,
        "name": "order",
        "onlyInt": false,
        "presentable": false,
        "required": false,
        "system": false,
        "type": "number"
      },
      {
        "hidden": false,
        "id": "number2254405824",
        "max": null,
        "min": null,
        "name": "duration",
        "onlyInt": false,
        "presentable": false,
        "required": false,
        "system": false,
        "type": "number"
      },
      {
        "hidden": false,
        "id": "select3786480164",
        "maxSelect": 1,
        "name": "anesthesia",
        "presentable": false,
        "required": false,
        "system": false,
        "type": "select",
        "values": [
          "LA",
          "GA",
          "RA"
        ]
      },
      {
        "autogeneratePattern": "",
        "hidden": false,
        "id": "text3863477503",
        "max": 0,
        "min": 0,
        "name": "bed",
        "pattern": "",
        "presentable": false,
        "primaryKey": false,
        "required": false,
        "system": false,
        "type": "text"
      },
      {
        "hidden": false,
        "id": "bool3194813053",
        "name": "removed",
        "presentable": false,
        "required": false,
        "system": false,
        "type": "bool"
      },
      {
        "cascadeDelete": false,
        "collectionId": "pbc_431205161",
        "hidden": false,
        "id": "relation2911377042",
        "maxSelect": 1,
        "minSelect": 0,
        "name": "procedureDay",
        "presentable": false,
        "required": true,
        "system": false,
        "type": "relation"
      },
      {
        "cascadeDelete": false,
        "collectionId": "pbc_1772500979",
        "hidden": false,
        "id": "relation1185628343",
        "maxSelect": 1,
        "minSelect": 0,
        "name": "operatingRoom",
        "presentable": false,
        "required": true,
        "system": false,
        "type": "relation"
      },
      {
        "autogeneratePattern": "",
        "hidden": false,
        "id": "text1156222427",
        "max": 0,
        "min": 0,
        "name": "remarks",
        "pattern": "",
        "presentable": false,
        "primaryKey": false,
        "required": false,
        "system": false,
        "type": "text"
      },
      {
        "autogeneratePattern": "",
        "hidden": false,
        "id": "text1891541418",
        "max": 0,
        "min": 0,
        "name": "requirements",
        "pattern": "",
        "presentable": false,
        "primaryKey": false,
        "required": false,
        "system": false,
        "type": "text"
      },
      {
        "hidden": false,
        "id": "autodate2990389176",
        "name": "created",
        "onCreate": true,
        "onUpdate": false,
        "presentable": false,
        "system": false,
        "type": "autodate"
      },
      {
        "hidden": false,
        "id": "autodate3332085495",
        "name": "updated",
        "onCreate": true,
        "onUpdate": true,
        "presentable": false,
        "system": false,
        "type": "autodate"
      }
    ],
    "indexes": [],
    "system": false
  },
  {
    "id": "pbc_2837054619",
    "listRule": "@request.auth.id != \"\"",
    "viewRule": "@request.auth.id != \"\"",
    "createRule": "@request.auth.id != \"\" && (\n  @request.auth.role = \"doctor\" ||\n  @request.auth.role = \"admin\"\n)",
    "updateRule": "@request.auth.id != \"\" && (\n  @request.auth.role = \"doctor\" ||\n  @request.auth.role = \"admin\"\n)",
    "deleteRule": "@request.auth.id != \"\" && @request.auth.role = \"admin\"",
    "name": "surgeons",
    "type": "base",
    "fields": [
      {
        "autogeneratePattern": "[a-z0-9]{15}",
        "hidden": false,
        "id": "text3208210256",
        "max": 15,
        "min": 15,
        "name": "id",
        "pattern": "^[a-z0-9]+$",
        "presentable": false,
        "primaryKey": true,
        "required": true,
        "system": true,
        "type": "text"
      },
      {
        "autogeneratePattern": "",
        "hidden": false,
        "id": "text1579384326",
        "max": 0,
        "min": 0,
        "name": "name",
        "pattern": "",
        "presentable": false,
        "primaryKey": false,
        "required": true,
        "system": false,
        "type": "text"
      },
      {
        "cascadeDelete": false,
        "collectionId": "pbc_3865025440",
        "hidden": false,
        "id": "relation3441287562",
        "maxSelect": 1,
        "minSelect": 0,
        "name": "department",
        "presentable": false,
        "required": true,
        "system": false,
        "type": "relation"
      },
      {
        "hidden": false,
        "id": "bool2231267043",
        "name": "disabled",
        "presentable": false,
        "required": false,
        "system": false,
        "type": "bool"
      },
      {
        "hidden": false,
        "id": "autodate2990389176",
        "name": "created",
        "onCreate": true,
        "onUpdate": false,
        "presentable": false,
        "system": false,
        "type": "autodate"
      },
      {
        "hidden": false,
        "id": "autodate3332085495",
        "name": "updated",
        "onCreate": true,
        "onUpdate": true,
        "presentable": false,
        "system": false,
        "type": "autodate"
      }
    ],
    "indexes": [],
    "system": false
  },
  {
    "id": "pbc_1518643972",
    "listRule": "@request.auth.id != \"\"",
    "viewRule": "@request.auth.id != \"\"",
    "createRule": null,
    "updateRule": null,
    "deleteRule": null,
    "name": "activeSurgeons",
    "type": "view",
    "fields": [
      {
        "autogeneratePattern": "",
        "hidden": false,
        "id": "text3208210256",
        "max": 0,
        "min": 0,
        "name": "id",
        "pattern": "^[a-z0-9]+$",
        "presentable": false,
        "primaryKey": true,
        "required": true,
        "system": true,
        "type": "text"
      },
      {
        "autogeneratePattern": "",
        "hidden": false,
        "id": "_clone_ubGh",
        "max": 0,
        "min": 0,
        "name": "name",
        "pattern": "",
        "presentable": false,
        "primaryKey": false,
        "required": true,
        "system": false,
        "type": "text"
      },
      {
        "cascadeDelete": false,
        "collectionId": "pbc_3865025440",
        "hidden": false,
        "id": "_clone_rsUE",
        "maxSelect": 1,
        "minSelect": 0,
        "name": "department",
        "presentable": false,
        "required": true,
        "system": false,
        "type": "relation"
      },
      {
        "hidden": false,
        "id": "_clone_R49Q",
        "name": "created",
        "onCreate": true,
        "onUpdate": false,
        "presentable": false,
        "system": false,
        "type": "autodate"
      },
      {
        "hidden": false,
        "id": "_clone_i5JL",
        "name": "updated",
        "onCreate": true,
        "onUpdate": true,
        "presentable": false,
        "system": false,
        "type": "autodate"
      }
    ],
    "indexes": [],
    "system": false,
    "viewQuery": "SELECT id,name,department,created,updated FROM surgeons WHERE disabled = FALSE"
  },
  {
    "id": "pbc_3819357937",
    "listRule": "@request.auth.id != \"\"",
    "viewRule": "@request.auth.id != \"\"",
    "createRule": null,
    "updateRule": null,
    "deleteRule": null,
    "name": "upcomingOtDays",
    "type": "view",
    "fields": [
      {
        "autogeneratePattern": "",
        "hidden": false,
        "id": "text3208210256",
        "max": 0,
        "min": 0,
        "name": "id",
        "pattern": "^[a-z0-9]+$",
        "presentable": false,
        "primaryKey": true,
        "required": true,
        "system": true,
        "type": "text"
      },
      {
        "hidden": false,
        "id": "_clone_ZTYx",
        "max": "",
        "min": "",
        "name": "date",
        "presentable": false,
        "required": true,
        "system": false,
        "type": "date"
      },
      {
        "cascadeDelete": false,
        "collectionId": "pbc_4005008627",
        "hidden": false,
        "id": "_clone_MTsl",
        "maxSelect": 1,
        "minSelect": 0,
        "name": "otList",
        "presentable": false,
        "required": true,
        "system": false,
        "type": "relation"
      },
      {
        "hidden": false,
        "id": "_clone_498j",
        "name": "disabled",
        "presentable": false,
        "required": false,
        "system": false,
        "type": "bool"
      },
      {
        "autogeneratePattern": "",
        "hidden": false,
        "id": "_clone_76pL",
        "max": 0,
        "min": 0,
        "name": "remarks",
        "pattern": "",
        "presentable": false,
        "primaryKey": false,
        "required": false,
        "system": false,
        "type": "text"
      },
      {
        "hidden": false,
        "id": "_clone_67Y5",
        "name": "created",
        "onCreate": true,
        "onUpdate": false,
        "presentable": false,
        "system": false,
        "type": "autodate"
      },
      {
        "hidden": false,
        "id": "_clone_WJXL",
        "name": "updated",
        "onCreate": true,
        "onUpdate": true,
        "presentable": false,
        "system": false,
        "type": "autodate"
      }
    ],
    "indexes": [],
    "system": false,
    "viewQuery": "SELECT id,date,otList,disabled,remarks,created,updated FROM `otDays` WHERE DATE(date) >= DATE('now') ORDER BY DATE(date) ASC;"
  }
]